alpha, GLM_iter, GLM_time, GLM_lh, CLM_iter, CLM_time, CLM_lh, NVMME_iter, NVMME_time, NVMME_lh, NVMME_alpha, NVMMC_iter, NVMMC_time, NVMMC_lh, NVMMC_alpha, NVMMG_iter, NVMMG_time, NVMMG_lh, NVMMG_alpha, unused
0.8, 388, 70, -1384.13, 723, 507, -1383.98, 1648, 1189, -1382.04, 0.895483, 100, 81, -1382.96, 0.860588, 886, 1244, -1381.91, 0.896942, 
2.0, 478, 94, -1946.53, 1057, 1175, -1945.55, 3081, 2234, -1943.41, 2.36386, 101, 84, -1968.12, 1.20933, 811, 1705, -1945.86, 1.99247, 
3.0, 262, 61, -2414.2, 1283, 1706, -2408.83, 5000, 4188, -2413.77, 2.12324, 100, 82, -2438.04, 1.23845, 5000, 9499, -2412.16, 2.31868, 
